<?xml version="1.0" encoding="UTF-8"?>
<GenRun Id="impl_1" LaunchPart="xc7a100tcsg324-1" LaunchTime="1544307635">
  <File Type="BITSTR-BMM" Name="player_movement_bd.bmm"/>
  <File Type="OPT-METHODOLOGY-DRC" Name="player_movement_methodology_drc_opted.rpt"/>
  <File Type="INIT-TIMING" Name="player_movement_timing_summary_init.rpt"/>
  <File Type="ROUTE-PWR" Name="player_movement_power_routed.rpt"/>
  <File Type="PA-TCL" Name="player_movement.tcl"/>
  <File Type="OPT-TIMING" Name="player_movement_timing_summary_opted.rpt"/>
  <File Type="OPT-DCP" Name="player_movement_opt.dcp"/>
  <File Type="ROUTE-PWR-SUM" Name="player_movement_power_summary_routed.pb"/>
  <File Type="REPORTS-TCL" Name="player_movement_reports.tcl"/>
  <File Type="OPT-DRC" Name="player_movement_drc_opted.rpt"/>
  <File Type="OPT-HWDEF" Name="player_movement.hwdef"/>
  <File Type="PWROPT-DCP" Name="player_movement_pwropt.dcp"/>
  <File Type="PWROPT-DRC" Name="player_movement_drc_pwropted.rpt"/>
  <File Type="PWROPT-TIMING" Name="player_movement_timing_summary_pwropted.rpt"/>
  <File Type="PLACE-DCP" Name="player_movement_placed.dcp"/>
  <File Type="PLACE-IO" Name="player_movement_io_placed.rpt"/>
  <File Type="PLACE-CLK" Name="player_movement_clock_utilization_placed.rpt"/>
  <File Type="PLACE-UTIL" Name="player_movement_utilization_placed.rpt"/>
  <File Type="PLACE-UTIL-PB" Name="player_movement_utilization_placed.pb"/>
  <File Type="PLACE-CTRL" Name="player_movement_control_sets_placed.rpt"/>
  <File Type="PLACE-SIMILARITY" Name="player_movement_incremental_reuse_placed.rpt"/>
  <File Type="PLACE-PRE-SIMILARITY" Name="player_movement_incremental_reuse_pre_placed.rpt"/>
  <File Type="BG-BGN" Name="player_movement.bgn"/>
  <File Type="PLACE-TIMING" Name="player_movement_timing_summary_placed.rpt"/>
  <File Type="POSTPLACE-PWROPT-DCP" Name="player_movement_postplace_pwropt.dcp"/>
  <File Type="BG-BIN" Name="player_movement.bin"/>
  <File Type="POSTPLACE-PWROPT-TIMING" Name="player_movement_timing_summary_postplace_pwropted.rpt"/>
  <File Type="PHYSOPT-DCP" Name="player_movement_physopt.dcp"/>
  <File Type="PHYSOPT-DRC" Name="player_movement_drc_physopted.rpt"/>
  <File Type="BITSTR-MSK" Name="player_movement.msk"/>
  <File Type="PHYSOPT-TIMING" Name="player_movement_timing_summary_physopted.rpt"/>
  <File Type="ROUTE-ERROR-DCP" Name="player_movement_routed_error.dcp"/>
  <File Type="ROUTE-DCP" Name="player_movement_routed.dcp"/>
  <File Type="ROUTE-BLACKBOX-DCP" Name="player_movement_routed_bb.dcp"/>
  <File Type="ROUTE-DRC" Name="player_movement_drc_routed.rpt"/>
  <File Type="ROUTE-DRC-PB" Name="player_movement_drc_routed.pb"/>
  <File Type="BITSTR-LTX" Name="debug_nets.ltx"/>
  <File Type="BITSTR-LTX" Name="player_movement.ltx"/>
  <File Type="ROUTE-DRC-RPX" Name="player_movement_drc_routed.rpx"/>
  <File Type="BITSTR-MMI" Name="player_movement.mmi"/>
  <File Type="ROUTE-METHODOLOGY-DRC" Name="player_movement_methodology_drc_routed.rpt"/>
  <File Type="ROUTE-METHODOLOGY-DRC-RPX" Name="player_movement_methodology_drc_routed.rpx"/>
  <File Type="BITSTR-SYSDEF" Name="player_movement.sysdef"/>
  <File Type="ROUTE-METHODOLOGY-DRC-PB" Name="player_movement_methodology_drc_routed.pb"/>
  <File Type="ROUTE-PWR-RPX" Name="player_movement_power_routed.rpx"/>
  <File Type="ROUTE-STATUS" Name="player_movement_route_status.rpt"/>
  <File Type="ROUTE-STATUS-PB" Name="player_movement_route_status.pb"/>
  <File Type="ROUTE-TIMINGSUMMARY" Name="player_movement_timing_summary_routed.rpt"/>
  <File Type="ROUTE-TIMING-PB" Name="player_movement_timing_summary_routed.pb"/>
  <File Type="ROUTE-TIMING-RPX" Name="player_movement_timing_summary_routed.rpx"/>
  <File Type="ROUTE-SIMILARITY" Name="player_movement_incremental_reuse_routed.rpt"/>
  <File Type="ROUTE-CLK" Name="player_movement_clock_utilization_routed.rpt"/>
  <File Type="ROUTE-BUS-SKEW" Name="player_movement_bus_skew_routed.rpt"/>
  <File Type="ROUTE-BUS-SKEW-PB" Name="player_movement_bus_skew_routed.pb"/>
  <File Type="ROUTE-BUS-SKEW-RPX" Name="player_movement_bus_skew_routed.rpx"/>
  <File Type="POSTROUTE-PHYSOPT-DCP" Name="player_movement_postroute_physopt.dcp"/>
  <File Type="POSTROUTE-PHYSOPT-BLACKBOX-DCP" Name="player_movement_postroute_physopt_bb.dcp"/>
  <File Type="POSTROUTE-PHYSOPT-TIMING" Name="player_movement_timing_summary_postroute_physopted.rpt"/>
  <File Type="POSTROUTE-PHYSOPT-TIMING-PB" Name="player_movement_timing_summary_postroute_physopted.pb"/>
  <File Type="POSTROUTE-PHYSOPT-TIMING-RPX" Name="player_movement_timing_summary_postroute_physopted.rpx"/>
  <File Type="POSTROUTE-PHYSOPT-BUS-SKEW" Name="player_movement_bus_skew_postroute_physopted.rpt"/>
  <File Type="POSTROUTE-PHYSOPT-BUS-SKEW-PB" Name="player_movement_bus_skew_postroute_physopted.pb"/>
  <File Type="BG-BIT" Name="player_movement.bit"/>
  <File Type="POSTROUTE-PHYSOPT-BUS-SKEW-RPX" Name="player_movement_bus_skew_postroute_physopted.rpx"/>
  <File Type="BITSTR-RBT" Name="player_movement.rbt"/>
  <File Type="BITSTR-NKY" Name="player_movement.nky"/>
  <File Type="BG-DRC" Name="player_movement.drc"/>
  <File Type="RDI-RDI" Name="player_movement.vdi"/>
  <File Type="WBT-USG" Name="usage_statistics_webtalk.html"/>
  <FileSet Name="sources" Type="DesignSrcs" RelSrcDir="$PSRCDIR/sources_1">
    <Filter Type="Srcs"/>
    <File Path="$PSRCDIR/sources_1/new/vga_sync_unit.vhd">
      <FileInfo>
        <Attr Name="UsedIn" Val="synthesis"/>
        <Attr Name="UsedIn" Val="simulation"/>
      </FileInfo>
    </File>
    <File Path="$PSRCDIR/sources_1/new/player_movement.vhd">
      <FileInfo>
        <Attr Name="UsedIn" Val="synthesis"/>
        <Attr Name="UsedIn" Val="simulation"/>
      </FileInfo>
    </File>
    <File Path="$PSRCDIR/sources_1/new/ball_movement.vhd">
      <FileInfo>
        <Attr Name="AutoDisabled" Val="1"/>
        <Attr Name="UsedIn" Val="synthesis"/>
        <Attr Name="UsedIn" Val="simulation"/>
      </FileInfo>
    </File>
    <Config>
      <Option Name="DesignMode" Val="RTL"/>
      <Option Name="TopModule" Val="player_movement"/>
    </Config>
  </FileSet>
  <FileSet Name="constrs_in" Type="Constrs" RelSrcDir="$PSRCDIR/constrs_1">
    <Filter Type="Constrs"/>
    <File Path="$PSRCDIR/constrs_1/imports/2018_Fall/Nexys4DDR_Master.xdc">
      <FileInfo>
        <Attr Name="ImportPath" Val="//cs1/CS_ClassData/373_Digital_Logic_Design/2018_Fall/Nexys4DDR_Master.xdc"/>
        <Attr Name="ImportTime" Val="1542043326"/>
        <Attr Name="UsedIn" Val="synthesis"/>
        <Attr Name="UsedIn" Val="implementation"/>
      </FileInfo>
    </File>
    <Config>
      <Option Name="ConstrsType" Val="XDC"/>
    </Config>
  </FileSet>
  <Strategy Version="1" Minor="2">
    <StratHandle Name="Vivado Implementation Defaults" Flow="Vivado Implementation 2018"/>
    <Step Id="init_design"/>
    <Step Id="opt_design"/>
    <Step Id="power_opt_design"/>
    <Step Id="place_design"/>
    <Step Id="post_place_power_opt_design"/>
    <Step Id="phys_opt_design"/>
    <Step Id="route_design"/>
    <Step Id="post_route_phys_opt_design"/>
    <Step Id="write_bitstream"/>
  </Strategy>
</GenRun>
