<?xml version="1.0" encoding="UTF-8"?>
<GenRun Id="synth_1" LaunchPart="xc7a100tcsg324-1" LaunchTime="1544307625">
  <File Type="PA-TCL" Name="player_movement.tcl"/>
  <File Type="RDS-PROPCONSTRS" Name="player_movement_drc_synth.rpt"/>
  <File Type="REPORTS-TCL" Name="player_movement_reports.tcl"/>
  <File Type="RDS-RDS" Name="player_movement.vds"/>
  <File Type="RDS-UTIL" Name="player_movement_utilization_synth.rpt"/>
  <File Type="RDS-UTIL-PB" Name="player_movement_utilization_synth.pb"/>
  <File Type="RDS-DCP" Name="player_movement.dcp"/>
  <File Type="VDS-TIMINGSUMMARY" Name="player_movement_timing_summary_synth.rpt"/>
  <File Type="VDS-TIMING-PB" Name="player_movement_timing_summary_synth.pb"/>
  <FileSet Name="sources" Type="DesignSrcs" RelSrcDir="$PSRCDIR/sources_1">
    <Filter Type="Srcs"/>
    <File Path="$PSRCDIR/sources_1/new/vga_sync_unit.vhd">
      <FileInfo>
        <Attr Name="UsedIn" Val="synthesis"/>
        <Attr Name="UsedIn" Val="simulation"/>
      </FileInfo>
    </File>
    <File Path="$PSRCDIR/sources_1/new/player_movement.vhd">
      <FileInfo>
        <Attr Name="UsedIn" Val="synthesis"/>
        <Attr Name="UsedIn" Val="simulation"/>
      </FileInfo>
    </File>
    <File Path="$PSRCDIR/sources_1/new/ball_movement.vhd">
      <FileInfo>
        <Attr Name="AutoDisabled" Val="1"/>
        <Attr Name="UsedIn" Val="synthesis"/>
        <Attr Name="UsedIn" Val="simulation"/>
      </FileInfo>
    </File>
    <Config>
      <Option Name="DesignMode" Val="RTL"/>
      <Option Name="TopModule" Val="player_movement"/>
    </Config>
  </FileSet>
  <FileSet Name="constrs_in" Type="Constrs" RelSrcDir="$PSRCDIR/constrs_1">
    <Filter Type="Constrs"/>
    <File Path="$PSRCDIR/constrs_1/imports/2018_Fall/Nexys4DDR_Master.xdc">
      <FileInfo>
        <Attr Name="ImportPath" Val="//cs1/CS_ClassData/373_Digital_Logic_Design/2018_Fall/Nexys4DDR_Master.xdc"/>
        <Attr Name="ImportTime" Val="1542043326"/>
        <Attr Name="UsedIn" Val="synthesis"/>
        <Attr Name="UsedIn" Val="implementation"/>
      </FileInfo>
    </File>
    <Config>
      <Option Name="ConstrsType" Val="XDC"/>
    </Config>
  </FileSet>
  <Strategy Version="1" Minor="2">
    <StratHandle Name="Vivado Synthesis Defaults" Flow="Vivado Synthesis 2018"/>
    <Step Id="synth_design"/>
  </Strategy>
</GenRun>
